{
  "tasks": [
    {
      "text": "test1",
      "day": "2021-08-19T17:59",
      "reminder": false,
      "completed": false,
      "category": "internal",
      "id": 1
    },
    {
      "text": "test2",
      "day": "2021-08-13T17:59",
      "reminder": false,
      "completed": false,
      "category": "general",
      "id": 2
    },
    {
      "text": "test3",
      "day": "2021-08-11T17:59",
      "reminder": false,
      "completed": false,
      "category": "other",
      "id": 3
    }
  ]
}